{
    "training_info": {
        "seed": 42,
        "size": 4,
        "num_steps": 2500,
        "lr": 0.03,
        "phi_lr": 0.0001,
        "cfg": 50.0,
        "prompt": [
            "Pancakes on a plate."
        ],
        "negative_prompt": [
            ""
        ]
    },
    "metrics": {
        "losses": [
            1.8603515625,
            0.168212890625,
            0.06048583984375,
            0.2486572265625,
            0.9140625,
            0.82763671875,
            0.00792694091796875,
            0.447265625,
            0.00817108154296875,
            0.276611328125,
            0.148193359375,
            0.3037109375,
            0.10430908203125,
            0.461669921875,
            0.833984375,
            0.548828125,
            0.288818359375,
            0.251708984375,
            0.033294677734375,
            0.458740234375,
            0.05133056640625,
            0.658203125,
            0.0809326171875,
            0.15478515625,
            0.1142578125,
            0.148681640625,
            0.332763671875,
            0.6259765625,
            0.0182342529296875,
            0.64013671875,
            0.52978515625,
            0.2266845703125,
            0.08154296875,
            0.2352294921875,
            0.72216796875,
            0.08758544921875,
            0.23388671875,
            0.370361328125,
            0.180908203125,
            0.6201171875,
            0.0660400390625,
            0.418212890625,
            0.035003662109375,
            0.038299560546875,
            0.055999755859375,
            0.0246734619140625,
            0.1485595703125,
            0.6484375,
            0.469482421875,
            0.51123046875,
            0.181640625,
            0.32763671875,
            0.07830810546875,
            0.818359375,
            0.1219482421875,
            0.0343017578125,
            0.1754150390625,
            0.372314453125,
            0.046630859375,
            0.302001953125,
            0.322998046875,
            0.034698486328125,
            0.0916748046875,
            0.1151123046875,
            0.0789794921875,
            0.28173828125,
            0.062744140625,
            0.034576416015625,
            0.0222320556640625,
            0.40185546875,
            0.11151123046875,
            0.149169921875,
            0.387451171875,
            0.254638671875,
            0.779296875,
            0.54345703125,
            0.43212890625,
            0.018951416015625,
            0.472412109375,
            0.02978515625,
            0.93994140625,
            0.34228515625,
            0.04046630859375,
            0.260498046875,
            0.1875,
            0.5205078125,
            0.9306640625,
            0.0263671875,
            0.312255859375,
            0.56689453125,
            0.046844482421875,
            0.041595458984375,
            0.064208984375,
            0.051116943359375,
            0.73046875,
            0.74462890625,
            0.144775390625,
            0.0206146240234375,
            0.07232666015625,
            0.0171051025390625
        ],
        "epoch_times": [
            0.3028690814971924,
            0.09770083427429199,
            0.10067129135131836,
            0.09979605674743652,
            0.10813283920288086,
            0.10421204566955566,
            0.0979008674621582,
            0.10146951675415039,
            0.0985260009765625,
            0.09726262092590332,
            0.09839916229248047,
            0.10096049308776855,
            0.0994865894317627,
            0.10089612007141113,
            0.10242319107055664,
            0.10373640060424805,
            0.10044598579406738,
            0.0990304946899414,
            0.10584855079650879,
            0.10317349433898926,
            0.09891104698181152,
            0.10048270225524902,
            0.10121488571166992,
            0.10039925575256348,
            0.10064816474914551,
            0.09903144836425781,
            0.09871792793273926,
            0.10300660133361816,
            0.10357880592346191,
            0.10584640502929688,
            0.09973406791687012,
            0.09831666946411133,
            0.09782767295837402,
            0.10084247589111328,
            0.10078263282775879,
            0.10079264640808105,
            0.10411596298217773,
            0.10393667221069336,
            0.10276317596435547,
            0.10606861114501953,
            0.10298871994018555,
            0.10137343406677246,
            0.10121440887451172,
            0.1037743091583252,
            0.10101985931396484,
            0.10286617279052734,
            0.10234498977661133,
            0.10109639167785645,
            0.10494375228881836,
            0.10908865928649902,
            0.1016843318939209,
            0.10030126571655273,
            0.09744954109191895,
            0.10012292861938477,
            0.09941792488098145,
            0.09950375556945801,
            0.09868907928466797,
            0.09987807273864746,
            0.09774112701416016,
            0.1008460521697998,
            0.10225367546081543,
            0.09742212295532227,
            0.11623334884643555,
            0.10073065757751465,
            0.09964394569396973,
            0.10076761245727539,
            0.10076379776000977,
            0.09782195091247559,
            0.11403822898864746,
            0.09795093536376953,
            0.10744166374206543,
            0.10542821884155273,
            0.10162353515625,
            0.09925723075866699,
            0.09895706176757812,
            0.10033345222473145,
            0.10320210456848145,
            0.10019922256469727,
            0.0996699333190918,
            0.1003272533416748,
            0.10122370719909668,
            0.10020136833190918,
            0.10199213027954102,
            0.10129380226135254,
            0.10150814056396484,
            0.10059833526611328,
            0.09815239906311035,
            0.09927177429199219,
            0.10209941864013672,
            0.09785962104797363,
            0.09998178482055664,
            0.10010790824890137,
            0.10019421577453613,
            0.10025453567504883,
            0.10127782821655273,
            0.10163307189941406,
            0.0994420051574707,
            0.098846435546875,
            0.09697318077087402,
            0.0969688892364502
        ],