{
    "training_info": {
        "seed": 42,
        "size": 4,
        "num_steps": 2500,
        "lr": 0.03,
        "phi_lr": 0.0001,
        "cfg": 7.5,
        "prompt": [
            "Pancakes on a plate."
        ],
        "negative_prompt": [
            ""
        ]
    },
    "metrics": {
        "losses": [
            0.62744140625,
            0.157958984375,
            0.056915283203125,
            0.2449951171875,
            0.947265625,
            0.82763671875,
            0.006977081298828125,
            0.4423828125,
            0.006511688232421875,
            0.273193359375,
            0.1375732421875,
            0.308349609375,
            0.08245849609375,
            0.462158203125,
            0.82373046875,
            0.5986328125,
            0.284912109375,
            0.2205810546875,
            0.006702423095703125,
            0.53662109375,
            0.0313720703125,
            0.7490234375,
            0.0550537109375,
            0.07855224609375,
            0.06414794921875,
            0.10809326171875,
            0.359130859375,
            0.6923828125,
            0.00824737548828125,
            0.68115234375,
            0.61474609375,
            0.239990234375,
            0.042694091796875,
            0.259033203125,
            0.7724609375,
            0.0787353515625,
            0.302978515625,
            0.431640625,
            0.193359375,
            0.65966796875,
            0.043853759765625,
            0.4501953125,
            0.0181732177734375,
            0.0182952880859375,
            0.0294342041015625,
            0.01041412353515625,
            0.13232421875,
            0.68359375,
            0.487060546875,
            0.51806640625,
            0.1259765625,
            0.275390625,
            0.036773681640625,
            0.69140625,
            0.0848388671875,
            0.01271820068359375,
            0.143798828125,
            0.28955078125,
            0.019134521484375,
            0.2113037109375,
            0.225830078125,
            0.006870269775390625,
            0.057891845703125,
            0.05584716796875,
            0.0255584716796875,
            0.1435546875,
            0.0194244384765625,
            0.006160736083984375,
            0.006317138671875,
            0.148681640625,
            0.039794921875,
            0.05340576171875,
            0.14306640625,
            0.1011962890625,
            0.476318359375,
            0.217529296875,
            0.1583251953125,
            0.006015777587890625,
            0.221923828125,
            0.00945281982421875,
            0.80615234375,
            0.2076416015625,
            0.01103973388671875,
            0.10321044921875,
            0.0689697265625,
            0.256103515625,
            0.740234375,
            0.007442474365234375,
            0.1123046875,
            0.34130859375,
            0.0183563232421875,
            0.01377105712890625,
            0.02783203125,
            0.018646240234375,
            0.59326171875,
            0.53759765625,
            0.055084228515625,
            0.00698089599609375,
            0.044921875,
            0.006038665771484375
        ],
        "epoch_times": [
            0.30475616455078125,
            0.10165691375732422,
            0.1031498908996582,
            0.1027674674987793,
            0.10458827018737793,
            0.10769820213317871,
            0.10354018211364746,
            0.09762072563171387,
            0.09839820861816406,
            0.09989547729492188,
            0.09988570213317871,
            0.09924983978271484,
            0.1020660400390625,
            0.09955906867980957,
            0.10065007209777832,
            0.10000038146972656,
            0.0996856689453125,
            0.10026860237121582,
            0.09672713279724121,
            0.10025668144226074,
            0.10053420066833496,
            0.10386204719543457,
            0.09862565994262695,
            0.10015273094177246,
            0.1029958724975586,
            0.0998077392578125,
            0.09868597984313965,
            0.09982538223266602,
            0.10158586502075195,
            0.10111069679260254,
            0.10224676132202148,
            0.10089921951293945,
            0.0986475944519043,
            0.11352992057800293,
            0.10700106620788574,
            0.09885334968566895,
            0.1011667251586914,
            0.10077595710754395,
            0.10118436813354492,
            0.10317873954772949,
            0.10171627998352051,
            0.11341047286987305,
            0.10428309440612793,
            0.10390090942382812,
            0.10154318809509277,
            0.09940457344055176,
            0.10318875312805176,
            0.10221385955810547,
            0.10108780860900879,
            0.1029202938079834,
            0.10510039329528809,
            0.10150575637817383,
            0.09785223007202148,
            0.10051202774047852,
            0.10077309608459473,
            0.1003885269165039,
            0.09966397285461426,
            0.10251665115356445,
            0.09854650497436523,
            0.11304116249084473,
            0.09964299201965332,
            0.09976410865783691,
            0.09791088104248047,
            0.09881353378295898,
            0.10082316398620605,
            0.10025644302368164,
            0.10059618949890137,
            0.1006169319152832,
            0.10891366004943848,
            0.10122990608215332,
            0.10152173042297363,
            0.10173463821411133,
            0.10408806800842285,
            0.10141921043395996,
            0.10111474990844727,
            0.10085153579711914,
            0.10361862182617188,
            0.10406613349914551,
            0.10419869422912598,
            0.1046607494354248,
            0.11570620536804199,
            0.11171913146972656,
            0.09953761100769043,
            0.10187029838562012,
            0.10069561004638672,
            0.09866714477539062,
            0.10081720352172852,
            0.10520625114440918,
            0.10730433464050293,
            0.09987211227416992,
            0.09969544410705566,
            0.11250591278076172,
            0.10558152198791504,
            0.10528898239135742,
            0.10071516036987305,
            0.09928679466247559,
            0.09942793846130371,
            0.10541033744812012,
            0.10155940055847168,
            0.1000680923461914
        ],