{
    "training_info": {
        "seed": 42,
        "size": 1,
        "num_steps": 2500,
        "lr": 0.03,
        "phi_lr": 0.0001,
        "cfg": 7.5,
        "prompt": [
            "Pancakes on a plate."
        ],
        "negative_prompt": [
            ""
        ]
    },
    "metrics": {
        "losses": [
            0.9443359375,
            0.966796875,
            0.08709716796875,
            0.227783203125,
            0.6689453125,
            0.031951904296875,
            0.52099609375,
            0.35009765625,
            0.642578125,
            0.7177734375,
            0.41259765625,
            0.744140625,
            0.16943359375,
            0.00696563720703125,
            0.46728515625,
            0.441162109375,
            0.4677734375,
            0.16796875,
            0.006954193115234375,
            0.037139892578125,
            0.10101318359375,
            0.55322265625,
            0.2744140625,
            0.462890625,
            0.0214385986328125,
            0.311279296875,
            0.6259765625,
            0.45556640625,
            0.0090484619140625,
            0.00559234619140625,
            0.59326171875,
            0.76513671875,
            0.81494140625,
            0.1455078125,
            0.278076171875,
            0.046661376953125,
            0.050628662109375,
            0.028961181640625,
            0.499755859375,
            0.41943359375,
            0.19482421875,
            0.7431640625,
            0.47509765625,
            0.1385498046875,
            0.414794921875,
            0.03631591796875,
            0.25244140625,
            0.229248046875,
            0.08221435546875,
            0.0174713134765625,
            0.06689453125,
            0.0277252197265625,
            0.1134033203125,
            0.20458984375,
            0.1329345703125,
            0.1416015625,
            0.0307464599609375,
            0.01222991943359375,
            0.0032291412353515625,
            0.2132568359375,
            0.11968994140625,
            0.002155303955078125,
            0.1343994140625,
            0.0214080810546875,
            0.05621337890625,
            0.0147857666015625,
            0.00438690185546875,
            0.10760498046875,
            0.0012569427490234375,
            0.00811004638671875,
            0.1326904296875,
            0.002910614013671875,
            0.00281524658203125,
            0.2353515625,
            0.01326751708984375,
            0.038848876953125,
            0.0285186767578125,
            0.03466796875,
            0.146240234375,
            0.003631591796875,
            0.05023193359375,
            0.0699462890625,
            0.00934600830078125,
            0.022796630859375,
            0.15966796875,
            0.0016870498657226562,
            0.136474609375,
            0.002780914306640625,
            0.0205230712890625,
            0.004657745361328125,
            0.005588531494140625,
            0.0032367706298828125,
            0.02020263671875,
            0.005741119384765625,
            0.0135650634765625,
            0.00458526611328125,
            0.0200042724609375,
            0.0014553070068359375,
            0.0098724365234375,
            0.053466796875
        ],
        "epoch_times": [
            0.5894224643707275,
            0.16600871086120605,
            0.16556692123413086,
            0.16611981391906738,
            0.16608762741088867,
            0.16651201248168945,
            0.11497187614440918,
            0.1673588752746582,
            0.1672821044921875,
            0.16533470153808594,
            0.16424918174743652,
            0.16505646705627441,
            0.165130615234375,
            0.16551971435546875,
            0.16441965103149414,
            0.1742696762084961,
            0.16843652725219727,
            0.16835951805114746,
            0.18204092979431152,
            0.16502761840820312,
            0.16535377502441406,
            0.16644072532653809,
            0.1642913818359375,
            0.16639447212219238,
            0.169081449508667,
            0.16937613487243652,
            0.16785550117492676,
            0.16914987564086914,
            0.16735148429870605,
            0.16876697540283203,
            0.17021775245666504,
            0.16990017890930176,
            0.1696610450744629,
            0.16643071174621582,
            0.17447304725646973,
            0.16986823081970215,
            0.17167448997497559,
            0.1692030429840088,
            0.16935229301452637,
            0.1697559356689453,
            0.1676616668701172,
            0.16950106620788574,
            0.17986655235290527,
            0.17982745170593262,
            0.16711759567260742,
            0.16948533058166504,
            0.17244791984558105,
            0.16859221458435059,
            0.16971516609191895,
            0.16812753677368164,
            0.16830825805664062,
            0.17598676681518555,
            0.17016983032226562,
            0.16790127754211426,
            0.16596198081970215,
            0.1690821647644043,
            0.17070722579956055,
            0.16948723793029785,
            0.1718435287475586,
            0.16754984855651855,
            0.16832399368286133,
            0.16923952102661133,
            0.17095088958740234,
            0.168013334274292,
            0.16907525062561035,
            0.18298840522766113,
            0.18791985511779785,
            0.1815321445465088,
            0.17604351043701172,
            0.16969943046569824,
            0.179368257522583,
            0.16862082481384277,
            0.16803622245788574,
            0.1765751838684082,
            0.17622828483581543,
            0.17163348197937012,
            0.16747307777404785,
            0.17975091934204102,
            0.17185306549072266,
            0.17876744270324707,
            0.17058944702148438,
            0.16612935066223145,
            0.1743617057800293,
            0.16857147216796875,
            0.1676959991455078,
            0.17072105407714844,
            0.17070841789245605,
            0.16983389854431152,
            0.18026328086853027,
            0.17118525505065918,
            0.17810320854187012,
            0.17017507553100586,
            0.1675553321838379,
            0.1687150001525879,
            0.17089366912841797,
            0.16807198524475098,
            0.16843271255493164,
            0.17111968994140625,
            0.09968113899230957,
            0.0991358757019043
        ],